Question,BERTScore_F1,BERTScore_Precision,BERTScore_Recall,Cosine_Similarity,Cleaned_Words,Answer_Words,Word_Ratio,Cleaned_Sentences,Answer_Sentences,Cleaned_Bullet_Points,Answer_Bullet_Points
How did Apple contribute to the growth of S&P 500 in 2023?,0.8526357412338257,0.844677746295929,0.8607451319694519,0.8988186,75,42,1.7857142857142858,3,2,0,0
How much share does Vanguard Total Stock Market Index Fund Investor hold?,0.7967116832733154,0.7726031541824341,0.8223731517791748,0.6287771,13,73,0.1780821917808219,1,7,0,0
What is the benefit of being in cash during a correction,0.8735812306404114,0.8541865348815918,0.8938771486282349,0.79514253,70,235,0.2978723404255319,1,8,0,0
What did ISunshare announce for Windows users in 2024?,0.8911441564559937,0.9237448573112488,0.8607660531997681,0.77612305,58,11,5.2727272727272725,4,1,0,0
What is Apple Intelligence,0.8648579120635986,0.8741097450256348,0.8557999134063721,0.85006046,77,55,1.4,4,3,0,0
What is Web Eraser,0.875587522983551,0.8861510753631592,0.8652728796005249,0.87499523,59,33,1.7878787878787878,3,2,0,0
What has Apple announced about its autonomous electric vehicle in February 2024?,0.9146560430526733,0.9372119903564453,0.8931602239608765,0.90479785,63,35,1.8,2,2,0,0
